Workbook

Sheet Raw_Data
A1: Marketing Funnel — Raw Campaign Data | Q2 2025
A2: Month | B2: Channel | C2: Visitors | D2: Leads | E2: MQLs | F2: SQLs | G2: Customers | H2: Ad Spend ($) | I2: CPL ($) | J2: Revenue ($) | K2: Avg Deal ($) | L2: Lead Score
A3: Jan | B3: Paid Search | C3: 12400 | D3: 930 | E3: 280 | F3: 112 | G3: 45 | H3: 31620 | I3: 34 | J3: 202500 | K3: 4500 | L3: 72
A4: Jan | B4: Organic SEO | C4: 8200 | D4: 688 | E4: 206 | F4: 82 | G4: 33 | H4: 18096 | I4: 26 | J4: 148500 | K4: 4500 | L4: 68
A5: Jan | B5: Email | C5: 5100 | D5: 362 | E5: 109 | F5: 44 | G5: 18 | H5: 4344 | I5: 12 | J5: 81000 | K5: 4500 | L5: 74
A6: Jan | B6: Social | C6: 3800 | D6: 163 | E6: 49 | F6: 20 | G6: 8 | H6: 12235 | I6: 75 | J6: 36000 | K6: 4500 | L6: 55
A7: Jan | B7: Referral | C7: 1600 | D7: 157 | E7: 47 | F7: 19 | G7: 8 | H7: 2826 | I7: 18 | J7: 36000 | K7: 4500 | L7: 81
A8: Jan | B8: Direct | C8: 2900 | D8: 162 | E8: 49 | F8: 19 | G8: 8 | H8: 0 | I8: 0 | J8: 36000 | K8: 4500 | L8: 62
A9: Feb | B9: Paid Search | C9: 13100 | D9: 982 | E9: 295 | F9: 118 | G9: 47 | H9: 33388 | I9: 34 | J9: 211500 | K9: 4500 | L9: 73
A10: Feb | B10: Organic SEO | C10: 8700 | D10: 730 | E10: 219 | F10: 88 | G10: 35 | H10: 18980 | I10: 26 | J10: 157500 | K10: 4500 | L10: 69
A11: Feb | B11: Email | C11: 5400 | D11: 383 | E11: 115 | F11: 46 | G11: 18 | H11: 4596 | I11: 12 | J11: 81000 | K11: 4500 | L11: 75
A12: Feb | B12: Social | C12: 4000 | D12: 172 | E12: 52 | F12: 21 | G12: 8 | H12: 12900 | I12: 75 | J12: 36000 | K12: 4500 | L12: 56
A13: Feb | B13: Referral | C13: 1700 | D13: 166 | E13: 50 | F13: 20 | G13: 8 | H13: 2988 | I13: 18 | J13: 36000 | K13: 4500 | L13: 82
A14: Feb | B14: Direct | C14: 3100 | D14: 174 | E14: 52 | F14: 21 | G14: 8 | H14: 0 | I14: 0 | J14: 36000 | K14: 4500 | L14: 63
... A38: Jun | B38: Direct | C38: 3700 | D38: 207 | E38: 62 | F38: 25 | G38: 10 | H38: 0 | I38: 0 | J38: 45000 | K38: 4500 | L38: 65

Sheet Funnel_Summary
A1: Marketing Funnel — Conversion Summary | Q2 2025
A3: ▌ SECTION 1 — Overall Funnel Performance
A4: Funnel Stage | B4: Total Count | C4: % of Visitors | D4: Stage Conv. Rate | E4: Drop-off Rate | F4: Benchmark | G4: vs Benchmark | H4: Status
A5: Visitors | B5: =SUMPRODUCT((Raw_Data!A3:A38<>"")*Raw_Data!C3:C38) -> 232500 | C5: 100% | D5: — | E5: — | F5: 100% | G5: — | H5: ✅ Baseline
A6: Leads | B6: =SUMPRODUCT(Raw_Data!D3:D38) -> 16850 | C6: =B6/B5 -> 0.072473118 | D6: =B6/B5 -> 0.072473118 | E6: =1-D6 -> 0.92752688 | F6: 8–12% | G6: =D6-0.1 -> -0.027526882 | H6: =IF(D6>=0.12,"✅ On Target",IF(D6>=0.08,"⚠️ Near Target","❌ Below Target")) -> ❌ Below Target
A7: MQLs | B7: =SUMPRODUCT(Raw_Data!E3:E38) -> 5061 | C7: =B7/B5 -> 0.021767742 | D7: =B7/B6 -> 0.30035608 | E7: =1-D7 -> 0.69964392 | F7: 25–35% | G7: =D7-0.3 -> 0.00035608309 | H7: =IF(D7>=0.35,"✅ On Target",IF(D7>=0.25,"⚠️ Near Target","❌ Below Target")) -> ⚠️ Near Target
A8: SQLs | B8: =SUMPRODUCT(Raw_Data!F3:F38) -> 2027 | C8: =B8/B5 -> 0.0087182796 | D8: =B8/B7 -> 0.40051373 | E8: =1-D8 -> 0.59948627 | F8: 35–45% | G8: =D8-0.4 -> 0.00051373246 | H8: =IF(D8>=0.45,"✅ On Target",IF(D8>=0.35,"⚠️ Near Target","❌ Below Target")) -> ⚠️ Near Target
A9: Customers | B9: =SUMPRODUCT(Raw_Data!G3:G38) -> 811 | C9: =B9/B5 -> 0.003488172 | D9: =B9/B8 -> 0.40009867 | E9: =1-D9 -> 0.59990133 | F9: 35–45% | G9: =D9-0.4 -> 9.8667982e-05 | H9: =IF(D9>=0.45,"✅ On Target",IF(D9>=0.35,"⚠️ Near Target","❌ Below Target")) -> ⚠️ Near Target
A12: ▌ SECTION 2 — Channel Performance Breakdown
A13: Channel | B13: Visitors | C13: Leads | D13: Customers | E13: Lead Conv % | F13: Cust Conv % | G13: Total Spend ($) | H13: CPL ($) | I13: Revenue ($) | J13: ROI
A14: Paid Search | B14: =SUMIF(Raw_Data!B:B,A14,Raw_Data!C:C) -> 84400 | C14: =SUMIF(Raw_Data!B:B,A14,Raw_Data!D:D) -> 6330 | D14: =SUMIF(Raw_Data!B:B,A14,Raw_Data!G:G) -> 305 | E14: =C14/B14 -> 0.075 | F14: =D14/C14 -> 0.048183254 | G14: =SUMIF(Raw_Data!B:B,A14,Raw_Data!H:H) -> 215220 | H14: =IFERROR(G14/C14,0) -> 34 | I14: =SUMIF(Raw_Data!B:B,A14,Raw_Data!J:J) -> 1372500 | J14: =IFERROR((I14-G14)/G14,0) -> 5.3771954
A15: Organic SEO | B15: =SUMIF(Raw_Data!B:B,A15,Raw_Data!C:C) -> 56400 | C15: =SUMIF(Raw_Data!B:B,A15,Raw_Data!D:D) -> 4735 | D15: =SUMIF(Raw_Data!B:B,A15,Raw_Data!G:G) -> 228 | E15: =C15/B15 -> 0.083953901 | F15: =D15/C15 -> 0.048152059 | G15: =SUMIF(Raw_Data!B:B,A15,Raw_Data!H:H) -> 123318 | H15: =IFERROR(G15/C15,0) -> 26.043928 | I15: =SUMIF(Raw_Data!B:B,A15,Raw_Data!J:J) -> 1026000 | J15: =IFERROR((I15-G15)/G15,0) -> 7.3199533
A16: Email | B16: =SUMIF(Raw_Data!B:B,A16,Raw_Data!C:C) -> 34800 | C16: =SUMIF(Raw_Data!B:B,A16,Raw_Data!D:D) -> 2471 | D16: =SUMIF(Raw_Data!B:B,A16,Raw_Data!G:G) -> 119 | E16: =C16/B16 -> 0.071005747 | F16: =D16/C16 -> 0.04815864 | G16: =SUMIF(Raw_Data!B:B,A16,Raw_Data!H:H) -> 29652 | H16: =IFERROR(G16/C16,0) -> 12 | I16: =SUMIF(Raw_Data!B:B,A16,Raw_Data!J:J) -> 535500 | J16: =IFERROR((I16-G16)/G16,0) -> 17.05949
A17: Social | B17: =SUMIF(Raw_Data!B:B,A17,Raw_Data!C:C) -> 25800 | C17: =SUMIF(Raw_Data!B:B,A17,Raw_Data!D:D) -> 1109 | D17: =SUMIF(Raw_Data!B:B,A17,Raw_Data!G:G) -> 53 | E17: =C17/B17 -> 0.042984496 | F17: =D17/C17 -> 0.047790803 | G17: =SUMIF(Raw_Data!B:B,A17,Raw_Data!H:H) -> 83155 | H17: =IFERROR(G17/C17,0) -> 74.981966 | I17: =SUMIF(Raw_Data!B:B,A17,Raw_Data!J:J) -> 238500 | J17: =IFERROR((I17-G17)/G17,0) -> 1.8681378
A18: Referral | B18: =SUMIF(Raw_Data!B:B,A18,Raw_Data!C:C) -> 11100 | C18: =SUMIF(Raw_Data!B:B,A18,Raw_Data!D:D) -> 1086 | D18: =SUMIF(Raw_Data!B:B,A18,Raw_Data!G:G) -> 52 | E18: =C18/B18 -> 0.097837838 | F18: =D18/C18 -> 0.047882136 | G18: =SUMIF(Raw_Data!B:B,A18,Raw_Data!H:H) -> 19548 | H18: =IFERROR(G18/C18,0) -> 18 | I18: =SUMIF(Raw_Data!B:B,A18,Raw_Data!J:J) -> 234000 | J18: =IFERROR((I18-G18)/G18,0) -> 10.970534
A19: Direct | B19: =SUMIF(Raw_Data!B:B,A19,Raw_Data!C:C) -> 20000 | C19: =SUMIF(Raw_Data!B:B,A19,Raw_Data!D:D) -> 1119 | D19: =SUMIF(Raw_Data!B:B,A19,Raw_Data!G:G) -> 54 | E19: =C19/B19 -> 0.05595 | F19: =D19/C19 -> 0.048257373 | G19: =SUMIF(Raw_Data!B:B,A19,Raw_Data!H:H) -> 0 | H19: =IFERROR(G19/C19,0) -> 0 | I19: =SUMIF(Raw_Data!B:B,A19,Raw_Data!J:J) -> 243000 | J19: =IFERROR((I19-G19)/G19,0) -> 0
A20: TOTAL | B20: =SUM(B14:B19) -> 232500 | C20: =SUM(C14:C19) -> 16850 | D20: =SUM(D14:D19) -> 811 | E20: =C20/B20 -> 0.072473118 | F20: =D20/C20 -> 0.048130564 | G20: =SUM(G14:G19) -> 470893 | H20: =IFERROR(G20/C20,0) -> 27.946172 | I20: =SUM(I14:I19) -> 3649500 | J20: =IFERROR((I20-G20)/G20,0) -> 6.7501683

Sheet Monthly_Trends
A1: Monthly Funnel Trends | Jan–Jun 2025
A2: Month | B2: Visitors | C2: Leads | D2: MQLs | E2: SQLs | F2: Customers | G2: Lead Conv % | H2: Cust Conv %
A3: Jan | B3: =SUMIF(Raw_Data!A:A,A3,Raw_Data!C:C) -> 34000 | C3: =SUMIF(Raw_Data!A:A,A3,Raw_Data!D:D) -> 2462 | D3: =SUMIF(Raw_Data!A:A,A3,Raw_Data!E:E) -> 740 | E3: =SUMIF(Raw_Data!A:A,A3,Raw_Data!F:F) -> 296 | F3: =SUMIF(Raw_Data!A:A,A3,Raw_Data!G:G) -> 120 | G3: =C3/B3 -> 0.072411765 | H3: =F3/C3 -> 0.048740861
A4: Feb | B4: =SUMIF(Raw_Data!A:A,A4,Raw_Data!C:C) -> 36000 | C4: =SUMIF(Raw_Data!A:A,A4,Raw_Data!D:D) -> 2607 | D4: =SUMIF(Raw_Data!A:A,A4,Raw_Data!E:E) -> 783 | E4: =SUMIF(Raw_Data!A:A,A4,Raw_Data!F:F) -> 314 | F4: =SUMIF(Raw_Data!A:A,A4,Raw_Data!G:G) -> 124 | G4: =C4/B4 -> 0.072416667 | H4: =F4/C4 -> 0.04756425
A5: Mar | B5: =SUMIF(Raw_Data!A:A,A5,Raw_Data!C:C) -> 38000 | C5: =SUMIF(Raw_Data!A:A,A5,Raw_Data!D:D) -> 2755 | D5: =SUMIF(Raw_Data!A:A,A5,Raw_Data!E:E) -> 828 | E5: =SUMIF(Raw_Data!A:A,A5,Raw_Data!F:F) -> 331 | F5: =SUMIF(Raw_Data!A:A,A5,Raw_Data!G:G) -> 133 | G5: =C5/B5 -> 0.0725 | H5: =F5/C5 -> 0.048275862
A6: Apr | B6: =SUMIF(Raw_Data!A:A,A6,Raw_Data!C:C) -> 39500 | C6: =SUMIF(Raw_Data!A:A,A6,Raw_Data!D:D) -> 2863 | D6: =SUMIF(Raw_Data!A:A,A6,Raw_Data!E:E) -> 860 | E6: =SUMIF(Raw_Data!A:A,A6,Raw_Data!F:F) -> 344 | F6: =SUMIF(Raw_Data!A:A,A6,Raw_Data!G:G) -> 138 | G6: =C6/B6 -> 0.072481013 | H6: =F6/C6 -> 0.048201188
A7: May | B7: =SUMIF(Raw_Data!A:A,A7,Raw_Data!C:C) -> 41500 | C7: =SUMIF(Raw_Data!A:A,A7,Raw_Data!D:D) -> 3008 | D7: =SUMIF(Raw_Data!A:A,A7,Raw_Data!E:E) -> 902 | E7: =SUMIF(Raw_Data!A:A,A7,Raw_Data!F:F) -> 362 | F7: =SUMIF(Raw_Data!A:A,A7,Raw_Data!G:G) -> 144 | G7: =C7/B7 -> 0.072481928 | H7: =F7/C7 -> 0.04787234
A8: Jun | B8: =SUMIF(Raw_Data!A:A,A8,Raw_Data!C:C) -> 43500 | C8: =SUMIF(Raw_Data!A:A,A8,Raw_Data!D:D) -> 3155 | D8: =SUMIF(Raw_Data!A:A,A8,Raw_Data!E:E) -> 948 | E8: =SUMIF(Raw_Data!A:A,A8,Raw_Data!F:F) -> 380 | F8: =SUMIF(Raw_Data!A:A,A8,Raw_Data!G:G) -> 152 | G8: =C8/B8 -> 0.072528736 | H8: =F8/C8 -> 0.048177496

Sheet KPI_Dashboard
A1: MARKETING FUNNEL — EXECUTIVE KPI DASHBOARD | Q2 2025
A3: Total Visitors | C3: Total Leads | E3: Total MQLs | G3: Total SQLs | I3: Customers | K3: Lead Conv %
A4: =Funnel_Summary!B5 -> 232500 | C4: =Funnel_Summary!B6 -> 16850 | E4: =Funnel_Summary!B7 -> 5061 | G4: =Funnel_Summary!B8 -> 2027 | I4: =Funnel_Summary!B9 -> 811 | K4: =Funnel_Summary!D6 -> 0.072473118
A8: MQL Rate | C8: SQL Rate | E8: Win Rate | G8: Total Revenue | I8: Total Ad Spend | K8: Blended CPL
A9: =Funnel_Summary!D7 -> 0.30035608 | C9: =Funnel_Summary!D8 -> 0.40051373 | E9: =Funnel_Summary!D9 -> 0.40009867 | G9: =SUM(Funnel_Summary!I14:I19) -> 3649500 | I9: =SUM(Funnel_Summary!G14:G19) -> 470893 | K9: =IFERROR(SUM(Funnel_Summary!G14:G19)/Funnel_Summary!B6,0) -> 27.946172
A20: ▌ Key Recommendations for Funnel Optimization
A21: Priority | C21: Issue / Opportunity | F21: Recommended Action
A22: 🔴 CRITICAL | C22: Visitor → Lead: only 7.5% | F22: A/B test CTAs, reduce forms to ≤3 fields, add exit-intent popups — this is the highest-leverage fix
A23: 🟡 HIGH | C23: Scale Paid Search budget | F23: Best conversion rate (11.2%). +30% budget → ~420 more leads/mo at $34 CPL — strong positive ROI
A24: 🟡 HIGH | C24: Implement lead scoring | F24: 70% of leads never reach MQL. Score on firmographics + page behavior to cut wasted nurture cycles
A25: 🟢 MEDIUM | C25: Launch referral program | F25: Lowest CPL at $18, 9.8% conv rate. Structured incentive program could 2-3× referral volume
A26: 🔵 LOW | C26: Review social channel spend | F26: Highest CPL ($75), lowest conv (4.3%). Reallocate to paid search or shift to organic-only social

Sheet PowerBI_Guide
A1: Power BI Connection & DAX Guide — Marketing Funnel
A3: STEP | B3: ACTION | C3: DETAIL / CODE
A4: 1 | B4: Open Power BI Desktop | C4: Download free at powerbi.microsoft.com → Launch → click 'Get Data' on Home ribbon
A5: 2 | B5: Connect to this Excel | C5: Home → Get Data → Excel Workbook → browse to this file → click Open
A6: 3 | B6: Select tables | C6: In Navigator panel: check Raw_Data, Funnel_Summary, Monthly_Trends → click Load
A7: 4 | B7: Create relationships | C7: Go to Model view → drag Raw_Data[Month] to Monthly_Trends[Month]; drag Raw_Data[Channel] to Funnel_Summary channel column
A8: 5 | B8: Funnel visual | C8: Visualizations pane → Funnel chart → drag Visitors/Leads/MQLs/SQLs/Customers into Values from Funnel_Summary
A9: 6 | B9: Channel bar chart | C9: Clustered bar → Axis: Channel → Value: Lead Conv % or CPL from Funnel_Summary channel table
A10: 7 | B10: KPI cards | C10: KPI visual → Value: [Total Revenue] → Target: prior period value → repeat for Customers, CPL
A11: 8 | B11: Line trend chart | C11: Line chart → X-axis: Month → Values: Leads, Customers (from Monthly_Trends sheet)
A12: 9 | B12: Add slicers | C12: Slicer visual → Field: Month → Format: Dropdown; repeat for Channel
A13: 10 | B13: Conditional formatting | C13: Select channel table → Format → Conditional formatting on Lead Conv % → Color scale green-yellow-red
A14: 11 | B14: Publish to web | C14: File → Publish → Publish to Power BI → choose workspace → copy share URL for stakeholders
... A23: Funnel Drop-off | B23: Drop Off % = 1 - [Lead Conv Rate] | C23: Drop Off % = 1 - [Lead Conv Rate]
